,Prototyp
0,{'Feminine Pronomen': 'Sie'}
1,{'Feminine Pronomen': 'Sie'}
2,{'Feminine Pronomen': 'Sie'}
3,{'Feminine Pronomen': 'sie'}
4,{'Feminine Pronomen': 'sie'}
5,{'Feminine Pronomen': 'Sie'}
6,{'Feminine Pronomen': 'sie'}
7,{'Feminine Pronomen': 'sie'}
8,{'Feminine Pronomen': 'sie'}
9,{'Feminine Pronomen': 'sie'}
10,{'Maskuline Pronomen': 'er'}
11,{'Maskuline Pronomen': 'Wer'}
12,{'Feminine Pronomen': 'sie'}
13,{'Maskuline Pronomen': 'Wer'}
14,{'Maskuline Pronomen': 'Wer'}
15,{'Maskuline Pronomen': 'Wer'}
16,{'Maskuline Pronomen': 'Wer'}
17,{'Maskuline Pronomen': 'Wer'}
18,{'Maskuline Pronomen': 'wer'}
19,{'Feminine Pronomen': 'sie'}
20,{'Maskuline Pronomen': 'Er'}
21,{'Maskuline Pronomen': 'er'}
22,{'Maskuline Pronomen': 'Er'}
23,{'Maskuline Pronomen': 'er'}
24,{'Feminine Pronomen': 'sie'}
25,{'Maskuline Pronomen': 'er'}
26,{'Feminine Pronomen': 'sie'}
27,{'Feminine Pronomen': 'sie'}
28,{'Feminine Pronomen': 'Sie'}
29,{'Feminine Pronomen': 'Sie'}
30,{'Feminine Pronomen': 'Sie'}
31,{'Feminine Pronomen': 'sie'}
32,{'Feminine Pronomen': 'sie'}
33,{'Maskuline Pronomen': 'ihn'}
34,{'Feminine Pronomen': 'Sie'}
35,{'Feminine Pronomen': 'sie'}
36,{'Feminine Pronomen': 'sie'}
37,{'Feminine Pronomen': 'sie'}
38,{'Feminine Pronomen': 'sie'}
39,{'Feminine Pronomen': 'sie'}
40,{'Feminine Pronomen': 'sie'}
41,{'Feminine Pronomen': 'sie'}
42,{'Feminine Pronomen': 'sie'}
43,{'Feminine Pronomen': 'sie'}
44,{'Feminine Pronomen': 'sie'}
45,{'Maskuline Pronomen': 'er'}
46,{'Maskuline Pronomen': 'er'}
47,{'Feminine Pronomen': 'Sie'}
48,{'Feminine Pronomen': 'sie'}
49,{'Feminine Pronomen': 'sie'}
50,{'Feminine Pronomen': 'sie'}
51,{'Feminine Pronomen': 'sie'}
52,{'Feminine Pronomen': 'sie'}
53,{'Feminine Pronomen': 'sie'}
54,{'Maskuline Pronomen': 'er'}
55,{'Maskuline Pronomen': 'er'}
56,{'Feminine Pronomen': 'sie'}
57,{'Feminine Pronomen': 'Sie'}
58,{'Feminine Pronomen': 'sie'}
59,{'Feminine Pronomen': 'sie'}
60,{'Feminine Pronomen': 'sie'}
61,{'Feminine Pronomen': 'sie'}
62,{'Feminine Pronomen': 'Sie'}
63,{'Feminine Pronomen': 'Sie'}
64,{'Feminine Pronomen': 'Sie'}
65,{'Feminine Pronomen': 'Sie'}
66,{'Feminine Pronomen': 'sie'}
67,{'Feminine Pronomen': 'sie'}
68,{'Feminine Pronomen': 'sie'}
69,{'Feminine Pronomen': 'sie'}
70,{'Feminine Pronomen': 'sie'}
71,{'Feminine Pronomen': 'Sie'}
72,{'Feminine Pronomen': 'sie'}
73,{'Feminine Pronomen': 'Sie'}
74,{'Maskuline Pronomen': 'er'}
75,{'Feminine Pronomen': 'sie'}
76,{'Feminine Pronomen': 'sie'}
77,{'Maskuline Pronomen': 'ihn'}
78,{'Feminine Pronomen': 'sie'}
79,{'Maskuline Pronomen': 'wen'}
80,{'Maskuline Pronomen': 'wen'}
81,{'Maskuline Pronomen': 'ihn'}
82,{'Maskuline Pronomen': 'wen'}
83,{'Maskuline Pronomen': 'wen'}
84,{'Maskuline Pronomen': 'ihn'}
85,{'Maskuline Pronomen': 'wen'}
86,{'Maskuline Pronomen': 'wen'}
87,{'Maskuline Pronomen': 'wen'}
88,{'Maskuline Pronomen': 'wen'}
89,{'Feminine Pronomen': 'sie'}
90,{'Feminine Pronomen': 'sie'}
91,{'Feminine Pronomen': 'sie'}
92,{'Maskuline Pronomen': 'ihn'}
93,{'Feminine Pronomen': 'sie'}
94,{'Feminine Pronomen': 'sie'}
95,{'Feminine Pronomen': 'sie'}
96,{'Feminine Pronomen': 'sie'}
97,{'Feminine Pronomen': 'sie'}
98,{'Feminine Pronomen': 'sie'}
99,{'Feminine Pronomen': 'sie'}
100,{'Feminine Pronomen': 'sie'}
101,{'Feminine Pronomen': 'sie'}
102,{'Feminine Pronomen': 'sie'}
103,{'Feminine Pronomen': 'sie'}
104,{'Feminine Pronomen': 'sie'}
105,{'Feminine Pronomen': 'sie'}
106,{'Feminine Pronomen': 'sie'}
107,{'Feminine Pronomen': 'sie'}
108,{'Feminine Pronomen': 'sie'}
109,{'Feminine Pronomen': 'sie'}
110,{'Feminine Pronomen': 'sie'}
111,{'Feminine Pronomen': 'sie'}
112,{'Feminine Pronomen': 'sie'}
113,{'Feminine Pronomen': 'sie'}
114,{'Feminine Pronomen': 'sie'}
115,{'Feminine Pronomen': 'sie'}
116,{'Feminine Pronomen': 'sie'}
117,{'Feminine Pronomen': 'sie'}
118,{'Feminine Pronomen': 'sie'}
119,{'Feminine Pronomen': 'sie'}
120,{'Feminine Pronomen': 'sie'}
121,{'Feminine Pronomen': 'sie'}
122,{'Feminine Pronomen': 'sie'}
123,{'Feminine Pronomen': 'sie'}
124,{'Feminine Pronomen': 'sie'}
125,{'Feminine Pronomen': 'sie'}
126,{'Feminine Pronomen': 'sie'}
127,{'Feminine Pronomen': 'sie'}
128,{'Feminine Pronomen': 'sie'}
129,{'Feminine Pronomen': 'sie'}
130,{'Feminine Pronomen': 'sie'}
131,{'Feminine Pronomen': 'sie'}
132,{'Feminine Pronomen': 'sie'}
133,{'Feminine Pronomen': 'sie'}
134,{'Feminine Pronomen': 'sie'}
135,{'Feminine Pronomen': 'Sie'}
136,{'Feminine Pronomen': 'sie'}
137,{'Feminine Pronomen': 'Sie'}
138,{'Feminine Pronomen': 'sie'}
139,{'Feminine Pronomen': 'Sie'}
140,{'Feminine Pronomen': 'sie'}
141,{'Feminine Pronomen': 'sie'}
142,{'Feminine Pronomen': 'Sie'}
143,{'Feminine Pronomen': 'sie'}
144,{'Feminine Pronomen': 'sie'}
145,{'Feminine Pronomen': 'sie'}
146,{'Feminine Pronomen': 'Sie'}
147,{'Feminine Pronomen': 'Sie'}
148,{'Feminine Pronomen': 'sie'}
149,{'Feminine Pronomen': 'sie'}
150,{'Feminine Pronomen': 'sie'}
151,{'Feminine Pronomen': 'sie'}
152,{'Feminine Pronomen': 'sie'}
153,{'Maskuline Pronomen': 'wer'}
154,{'Feminine Pronomen': 'sie'}
155,{'Feminine Pronomen': 'sie'}
156,{'Feminine Pronomen': 'sie'}
157,{'Feminine Pronomen': 'Sie'}
158,{'Feminine Pronomen': 'sie'}
159,{'Feminine Pronomen': 'Sie'}
160,{'Feminine Pronomen': 'Sie'}
161,{'Feminine Pronomen': 'sie'}
162,{'Feminine Pronomen': 'sie'}
163,{'Feminine Pronomen': 'sie'}
164,{'Feminine Pronomen': 'sie'}
165,{'Feminine Pronomen': 'sie'}
166,{'Maskuline Pronomen': 'wer'}
167,{'Feminine Pronomen': 'sie'}
168,{'Feminine Pronomen': 'sie'}
169,{'Feminine Pronomen': 'sie'}
170,{'Feminine Pronomen': 'sie'}
171,{'Feminine Pronomen': 'sie'}
172,{'Feminine Pronomen': 'sie'}
173,{'Feminine Pronomen': 'sie'}
174,{'Feminine Pronomen': 'sie'}
175,{'Maskuline Pronomen': 'wer'}
176,{'Feminine Pronomen': 'sie'}
177,{'Maskuline Pronomen': 'wer'}
178,{'Feminine Pronomen': 'sie'}
179,{'Feminine Pronomen': 'sie'}
180,{'Feminine Pronomen': 'sie'}
181,{'Feminine Pronomen': 'sie'}
182,{'Feminine Pronomen': 'sie'}
183,{'Feminine Pronomen': 'Sie'}
184,{'Feminine Pronomen': 'sie'}
185,{'Feminine Pronomen': 'sie'}
186,{'Feminine Pronomen': 'sie'}
187,{'Feminine Pronomen': 'sie'}
188,{'Feminine Pronomen': 'sie'}
189,{'Maskuline Pronomen': 'wer'}
190,{'Feminine Pronomen': 'sie'}
191,{'Feminine Pronomen': 'Sie'}
192,{'Feminine Pronomen': 'sie'}
193,{'Feminine Pronomen': 'sie'}
194,{'Feminine Pronomen': 'sie'}
195,{'Feminine Pronomen': 'Sie'}
196,{'Feminine Pronomen': 'sie'}
197,{'Feminine Pronomen': 'sie'}
198,{'Feminine Pronomen': 'Sie'}
199,{'Feminine Pronomen': 'sie'}
200,{'Feminine Pronomen': 'sie'}
201,{'Feminine Pronomen': 'sie'}
202,{'Maskuline Pronomen': 'wem'}
203,{'Maskuline Pronomen': 'wem'}
204,{'Maskuline Pronomen': 'wem'}
205,{'Maskuline Pronomen': 'ihn'}
206,{'Feminine Pronomen': 'sie'}
207,{'Maskuline Pronomen': 'ihn'}
208,{'Feminine Pronomen': 'sie'}
209,{'Maskuline Pronomen': 'ihn'}
210,{'Feminine Pronomen': 'sie'}
211,{'Feminine Pronomen': 'sie'}
212,{'Feminine Pronomen': 'Sie'}
213,{'Feminine Pronomen': 'sie'}
214,{'Feminine Pronomen': 'sie'}
215,{'Feminine Pronomen': 'sie'}
216,{'Feminine Pronomen': 'sie'}
217,{'Feminine Pronomen': 'Sie'}
218,{'Maskuline Pronomen': 'Er'}
219,{'Maskuline Pronomen': 'Er'}
220,{'Maskuline Pronomen': 'er'}
221,{'Feminine Pronomen': 'sie'}
222,{'Maskuline Pronomen': 'er'}
223,{'Maskuline Pronomen': 'er'}
224,{'Maskuline Pronomen': 'er'}
225,{'Maskuline Pronomen': 'er'}
226,{'Maskuline Pronomen': 'er'}
227,{'Maskuline Pronomen': 'er'}
228,{'Maskuline Pronomen': 'er'}
229,{'Maskuline Pronomen': 'er'}
230,{'Feminine Pronomen': 'sie'}
231,{'Feminine Pronomen': 'sie'}
232,{'Feminine Pronomen': 'sie'}
233,{'Feminine Pronomen': 'sie'}
234,{'Feminine Pronomen': 'sie'}
235,{'Feminine Pronomen': 'sie'}
236,{'Feminine Pronomen': 'sie'}
237,{'Feminine Pronomen': 'Sie'}
238,{'Feminine Pronomen': 'Sie'}
239,{'Feminine Pronomen': 'Sie'}
240,{'Feminine Pronomen': 'Sie'}
241,{'Feminine Pronomen': 'Sie'}
242,{'Feminine Pronomen': 'Sie'}
243,{'Feminine Pronomen': 'sie'}
244,{'Feminine Pronomen': 'sie'}
245,{'Feminine Pronomen': 'sie'}
246,{'Feminine Pronomen': 'sie'}
247,{'Feminine Pronomen': 'sie'}
248,{'Feminine Pronomen': 'sie'}
249,{'Maskuline Pronomen': 'wer'}
250,{'Feminine Pronomen': 'sie'}
251,{'Feminine Pronomen': 'sie'}
252,{'Feminine Pronomen': 'sie'}
253,{'Feminine Pronomen': 'sie'}
254,{'Maskuline Pronomen': 'wer'}
255,{'Feminine Pronomen': 'sie'}
256,{'Feminine Pronomen': 'sie'}
257,{'Feminine Pronomen': 'sie'}
258,{'Maskuline Pronomen': 'wer'}
259,{'Feminine Pronomen': 'sie'}
260,{'Feminine Pronomen': 'sie'}
261,{'Feminine Pronomen': 'sie'}
262,{'Feminine Pronomen': 'sie'}
263,{'Feminine Pronomen': 'sie'}
264,{'Feminine Pronomen': 'sie'}
265,{'Feminine Pronomen': 'sie'}
266,{'Maskuline Pronomen': 'ihn'}
267,{'Feminine Pronomen': 'sie'}
268,{'Feminine Pronomen': 'sie'}
269,{'Maskuline Pronomen': 'ihn'}
270,{'Maskuline Pronomen': 'ihn'}
271,{'Maskuline Pronomen': 'ihn'}
272,{'Feminine Pronomen': 'sie'}
273,{'Feminine Pronomen': 'sie'}
274,{'Maskuline Pronomen': 'er'}
275,{'Maskuline Pronomen': 'er'}
276,{'Maskuline Pronomen': 'er'}
277,{'Feminine Pronomen': 'sie'}
278,{'Maskuline Pronomen': 'er'}
279,{'Feminine Pronomen': 'sie'}
280,{'Feminine Pronomen': 'sie'}
281,{'Feminine Pronomen': 'sie'}
282,{'Feminine Pronomen': 'sie'}
283,{'Feminine Pronomen': 'Sie'}
284,{'Feminine Pronomen': 'sie'}
285,{'Feminine Pronomen': 'Sie'}
286,{'Feminine Pronomen': 'sie'}
287,{'Feminine Pronomen': 'Sie'}
288,{'Feminine Pronomen': 'sie'}
289,{'Feminine Pronomen': 'sie'}
290,{'Feminine Pronomen': 'Sie'}
291,{'Feminine Pronomen': 'sie'}
292,{'Feminine Pronomen': 'sie'}
293,{'Feminine Pronomen': 'sie'}
294,{'Feminine Pronomen': 'sie'}
295,{'Feminine Pronomen': 'sie'}
296,{'Feminine Pronomen': 'sie'}
297,{'Feminine Pronomen': 'sie'}
298,{'Feminine Pronomen': 'sie'}
299,{'Feminine Pronomen': 'sie'}
300,{'Feminine Pronomen': 'sie'}
301,{'Feminine Pronomen': 'sie'}
302,{'Feminine Pronomen': 'sie'}
303,{'Maskuline Pronomen': 'ihn'}
304,{'Maskuline Pronomen': 'er'}
305,{'Maskuline Pronomen': 'er'}
306,{'Maskuline Pronomen': 'ihn'}
307,{'Feminine Pronomen': 'sie'}
308,{'Feminine Pronomen': 'sie'}
309,{'Feminine Pronomen': 'sie'}
310,{'Feminine Pronomen': 'sie'}
311,{'Feminine Pronomen': 'sie'}
312,{'Feminine Pronomen': 'sie'}
313,{'Feminine Pronomen': 'sie'}
314,{'Feminine Pronomen': 'sie'}
315,{'Feminine Pronomen': 'sie'}
316,{'Feminine Pronomen': 'sie'}
317,{'Feminine Pronomen': 'sie'}
318,{'Feminine Pronomen': 'sie'}
319,{'Feminine Pronomen': 'Sie'}
320,{'Feminine Pronomen': 'Sie'}
321,{'Feminine Pronomen': 'Sie'}
322,{'Feminine Pronomen': 'sie'}
323,{'Feminine Pronomen': 'Sie'}
324,{'Feminine Pronomen': 'Sie'}
325,{'Feminine Pronomen': 'sie'}
326,{'Feminine Pronomen': 'sie'}
327,{'Feminine Pronomen': 'sie'}
328,{'Feminine Pronomen': 'Sie'}
329,{'Feminine Pronomen': 'Sie'}
330,{'Feminine Pronomen': 'Sie'}
331,{'Feminine Pronomen': 'Sie'}
332,{'Feminine Pronomen': 'Sie'}
333,{'Feminine Pronomen': 'sie'}
334,{'Feminine Pronomen': 'Sie'}
335,{'Feminine Pronomen': 'sie'}
336,{'Feminine Pronomen': 'Sie'}
337,{'Feminine Pronomen': 'sie'}
338,{'Feminine Pronomen': 'sie'}
339,{'Feminine Pronomen': 'Sie'}
340,{'Feminine Pronomen': 'Sie'}
341,{'Feminine Pronomen': 'Sie'}
342,{'Feminine Pronomen': 'Sie'}
343,{'Feminine Pronomen': 'Sie'}
344,{'Feminine Pronomen': 'sie'}
345,{'Feminine Pronomen': 'Sie'}
346,{'Feminine Pronomen': 'Sie'}
347,{'Feminine Pronomen': 'sie'}
348,{'Feminine Pronomen': 'sie'}
349,{'Feminine Pronomen': 'sie'}
350,{'Feminine Pronomen': 'sie'}
351,{'Feminine Pronomen': 'sie'}
352,{'Feminine Pronomen': 'sie'}
353,{'Feminine Pronomen': 'Sie'}
354,{'Feminine Pronomen': 'sie'}
355,{'Feminine Pronomen': 'sie'}
356,{'Feminine Pronomen': 'Sie'}
357,{'Feminine Pronomen': 'Sie'}
358,{'Feminine Pronomen': 'Sie'}
359,{'Feminine Pronomen': 'Sie'}
360,{'Feminine Pronomen': 'sie'}
361,{'Feminine Pronomen': 'Sie'}
362,{'Feminine Pronomen': 'Sie'}
363,{'Feminine Pronomen': 'Sie'}
364,{'Feminine Pronomen': 'sie'}
365,{'Feminine Pronomen': 'Sie'}
366,{'Feminine Pronomen': 'Sie'}
367,{'Feminine Pronomen': 'Sie'}
368,{'Feminine Pronomen': 'sie'}
369,{'Feminine Pronomen': 'Sie'}
370,{'Feminine Pronomen': 'Sie'}
371,{'Feminine Pronomen': 'Sie'}
372,{'Feminine Pronomen': 'Sie'}
373,{'Feminine Pronomen': 'sie'}
374,{'Feminine Pronomen': 'sie'}
375,{'Feminine Pronomen': 'sie'}
376,{'Maskuline Pronomen': 'Wen'}
377,{'Feminine Pronomen': 'Sie'}
378,{'Feminine Pronomen': 'Sie'}
379,{'Feminine Pronomen': 'Sie'}
380,{'Feminine Pronomen': 'sie'}
381,{'Feminine Pronomen': 'Sie'}
382,{'Feminine Pronomen': 'Sie'}
383,{'Feminine Pronomen': 'Sie'}
384,{'Feminine Pronomen': 'sie'}
385,{'Feminine Pronomen': 'sie'}
386,{'Feminine Pronomen': 'Sie'}
387,{'Feminine Pronomen': 'sie'}
388,{'Feminine Pronomen': 'Sie'}
389,{'Feminine Pronomen': 'Sie'}
390,{'Feminine Pronomen': 'sie'}
391,{'Feminine Pronomen': 'sie'}
392,{'Feminine Pronomen': 'sie'}
393,{'Maskuline Pronomen': 'wer'}
394,{'Feminine Pronomen': 'sie'}
395,
396,
397,
398,
399,
400,
401,
402,
403,
404,
405,
406,
407,
408,
409,
410,
411,
412,
413,
414,
415,
416,
417,
418,
419,
420,
421,
422,
423,
424,
425,
426,
427,
428,
429,
430,
431,
432,
433,
434,
435,
436,
437,
438,
439,
440,
441,
442,
443,
444,
445,
446,
447,
448,
449,
450,
451,
452,
453,
454,
455,
456,
457,
458,
459,
460,
461,
462,
463,
464,
465,
466,
467,
468,
469,
470,
471,
472,
473,
474,
475,
476,
477,
478,
479,
480,
481,
482,
483,
484,
485,
486,
487,
488,
489,
490,
491,
492,
493,
494,
495,
496,
497,
498,
499,
500,
501,
502,
503,
504,
505,
506,
507,
508,
509,
510,
511,
512,
513,
514,
515,
516,
517,
518,
519,
520,
521,
522,
523,
524,
525,
526,
527,
528,
529,
530,
531,
532,
533,
534,
535,
536,
537,
538,
539,
540,
541,
542,
543,
544,
545,
546,
547,
548,
549,
550,
551,
552,
553,
554,
555,
556,
557,
558,
559,
560,
561,
562,
563,
564,
565,
566,
567,
568,
569,
570,
571,
572,
573,
574,
575,
576,
577,
578,
579,
580,
581,
582,
583,
584,
585,
586,
587,
588,
589,
590,
591,
592,
593,
594,
595,
596,
597,
598,
599,
600,
601,
602,
603,
604,
605,
606,
607,
608,
609,
610,
611,
612,
613,
614,
615,
616,
617,
618,
619,
620,
621,
622,
623,
624,
625,
626,
627,
628,
629,
630,
631,
632,
633,
634,
635,
636,
637,
638,
639,
640,
641,
642,
643,
644,
645,
646,
647,
648,
649,
650,
651,
652,
653,
654,
655,
656,
657,
658,
659,
660,
661,
662,
663,
664,
665,
666,
667,
668,
669,
670,
671,
672,
673,
674,
675,
676,
677,
678,
679,
680,
681,
682,
683,
684,
685,
686,
687,
688,
689,
690,
691,
692,
693,
694,
695,
696,
697,
698,
699,
700,
701,
702,
703,
704,
705,
706,
707,
708,
709,
710,
711,
712,
713,
714,
715,
716,
717,
718,
719,
720,
721,
722,
723,
724,
725,
726,
727,
728,
729,
730,
731,
732,
733,
734,
735,
736,
737,
738,
739,
740,
741,
742,
743,
744,
745,
746,
747,
748,
749,
750,
751,
752,
753,
754,
755,
756,
757,
758,
759,
760,
761,
762,
763,
764,
765,
766,
767,
768,
769,
770,
771,
772,
773,
774,
775,
776,
777,
778,
779,
780,
781,
782,
783,
784,
785,
786,
787,
788,
789,
790,
791,
792,
793,
794,
795,
796,
797,
798,
799,
800,
801,
802,
803,
804,
805,
806,
807,
808,
809,
810,
811,
812,
813,
814,
815,
816,
817,
818,
819,
820,
821,
822,
823,
824,
825,
826,
827,
828,
829,
830,
831,
832,
833,
834,
835,
836,
837,
838,
839,
840,
841,
842,
843,
844,
845,
846,
847,
848,
849,
850,
851,
852,
853,
854,
855,
856,
857,
858,
859,
860,
861,
862,
863,
864,
865,
866,
867,
868,
869,
870,
871,
872,
873,
874,
875,
876,
877,
878,
879,
880,
881,
882,
883,
884,
885,
886,
887,
888,
889,
890,
891,
892,
893,
894,
895,
896,
897,
898,
899,
900,
901,
902,
903,
904,
905,
906,
907,
908,
909,
910,
911,
912,
913,
914,
915,
916,
917,
918,
919,
920,
921,
922,
923,
924,
925,
926,
927,
928,
929,
930,
931,
932,
933,
934,
935,
936,
937,
938,
939,
940,
941,
942,
943,
944,
945,
946,
947,
948,
949,
950,
951,
952,
953,
954,
955,
956,
957,
958,
959,
960,
961,
962,
963,
964,
965,
966,
967,
968,
969,
970,
971,
972,
973,
974,
975,
976,
977,
978,
979,
980,
981,
982,
983,
984,
985,
986,
987,
988,
989,
990,
991,
992,
993,
994,
995,
996,
997,
998,
999,
1000,
1001,
1002,
1003,
1004,
1005,
1006,
1007,
1008,
1009,
1010,
1011,
1012,
1013,
1014,
1015,
1016,
1017,
1018,
1019,
1020,
1021,
1022,
1023,
1024,
1025,
1026,
1027,
1028,
1029,
1030,
1031,
1032,
1033,
1034,
1035,
1036,
1037,
1038,
1039,
1040,
1041,
