Affenarsch;n
Alte weiße Männer;m
Altnazi;n
Anstreicher (Spottname);n
Apparatschik;n
Armleuchter;n
Armleuchter;n
Arschgeige;n
Arschgesicht;n
Arschloch;n
Bagalut;n
Baizuo;n
Baka (Japanisch);n
Banause;n
Baraber;n
Barbar;n
Bastard;m
Besatzungskind;n
Besserwessi;n
Besserwisser;n
Betonkopf;n
Bimbo (englischer Slang);n
Bissgurre;w
Bitch;w
Blaustrumpf;n
Blockwart;n
Bloder;n
Blödian;n
Blödmann;m
Boche;n
Bohnenstange;n
Bonze;n
Bünzli;n
Bursche;m
Butterhexe;w
Buxe;n
Cagole;n
Chaot;m
Chaotin;w
Chav;n
Chino (Ethnophaulismus);n
Cimarrón;n
Couch-Potato;n
Covidiot;n
Crackpot;n
Depp;n
Dilettant;n
Diversant;n
Dödel;n
Dorfdepp;n
Drahtzieher (Metapher);n
Drückeberger;n
Duckmäuser;n
Düffeldoffel;n
Dummkopf;n
Dumpfbacke;n
Dussel;n
Eierkopf;n
Einfaltspinsel;n
Emanze;n
Entenklemmer;n
Erbsenzähler;n
Fachidiot;n
Falscher Fuffziger;n
Faulpelz;n
Feminazi;n
Fetzenschädel;n
Fotze;w
Frühstücksdirektor;n
Furie;w
Fürstendiener;n
Fuzzi;n
Galgenvogel;n
Gammler;n
Gauner;n
Gigerl;n
Göre;w
Graf Koks;n
Grantler;n
Grattler;n
Griesgram;n
Grobian;n
Grüßaugust;n
Gscherter;n
Gummihals;n
Hackfresse;n
Haderlump;n
Halbdackel;n
Halbschuhtourist;n
Hallodri;n
Halunke;n
Hammel;m
Hampshire Hog;n
Handlanger;n
Hexe;w
Hillbilly;n
Hofschranze;n
Honk (Schimpfwort);n
Hoon (Straßenverkehr);n
Hornochse;n
Hundsfott (Schimpfwort);n
Hungerhaken;n
Hure;w
Hurenkind;m
Hurensohn;m
Idiot;n
Iglufahrer;n
Ignorant;n
Jeck;n
Kachel (Schimpfwort);n
Kackbratze;n
Kaffer;n
Kaldaunenschlucker;n
Kalmäuser;n
Kampfradler;n
Kanaille;n
Kanake (Umgangssprache);n
Karen (Meme);n
Kartoffel (Slang);n
Kiberer;n
Klassenfeind;n
Klinterklater;n
Knalltüte;n
Korinthenkacker;n
Kornjude;n
Kretin;n
Krippenreiter;n
Kruke ;n
Krummer Hund;n
Krüppel;n
Kulak;n
Kümmeltürke;n
Kupscheller;n
Kurpfuscher;n
Lame Duck;n
Lauch;n
Lauch ;n
Lerge;n
Linksliberale Elite;n
Luder;w
Luder;w
Lulatsch;m
Lümmel;n
Macker;m
Malweiber;w
Marmeladinger;n
Meschugge;n
Mietnomade;n
Mistvieh;n
Mitläufer;n
Mondkalb;n
Muffel (Person);n
Mulhid;n
Muttersöhnchen;m
Nachtmütze;n
Narr;n
Nassauer;n
Nazi;n
Neger;n
Nepmann;n
Nerd;n
Nestbeschmutzer;n
Nichtsnutz;n
Nichtsnutz;n
Nigger;n
Nigger;n
Nulpe;n
Nutte;w
Nützlicher Idiot;n
Oberlehrer;n
OK Boomer;n
Ölgötze;n
Opfer (Schimpfwort);n
Ossi und Wessi;n
Papist;n
Pappnase;n
Parvenü;n
Patent-Troll;n
Pedant;n
Peon;n
Pfaffe;n
Pfeffersack;n
Philister (Ästhetik);n
Picaro;n
Pickaninny;n
Pietcong;n
Pissnelke;n
Platzhirsch;n
Popanz;n
Poser;m
Primitivling;n
Prolet;n
Punke;n
Quacksalber;n
Quertreiber;n
Rabauke;n
Rabenmutter;w
Rädelsführer;n
Raffke;n
Redneck;n
Reichsfeinde;n
Renegat;n
Revoluzzer;n
Rindvieh;n
Rohling ;n
Rosstäuscher;n
Rote Socke;n
Rotzlöffel;n
Rowdy;n
Rübenschwein;n
Rüpel;n
Sack;n
Sackratte;n
Saftsack;n
Salbader;n
Salonbolschewist;n
Salontiroler;n
Sarong Partygirl;n
Satansbraten ;n
Sau;n
Saubär;n
Saupreiß;n
Sbirre;n
Scharlatan;n
Scharteke;n
Scheinasylant;n
Scherge;n
Schickse;w
Schlafschaf;n
Schlampe;w
Schlemihl;n
Schlunz;n
Schmierfink;n
Schmierfink;n
Schmock;n
Schnapsdrossel;n
Schnapsnase;n
Schnorrer;n
Schnösel;n
Schrumpfgermane;n
Schurke;n
Schwachkopf;n
Schwachmatikus;n
Schwanzlutscher;m
Schwein;n
Schweinebacke;n
Schweinepriester;n
Schweinigel;n
Schwuchtel;m
Snob;n
Social Justice Warrior;n
Softie;n
Sozi;n
Sozialschmarotzer;n
Spargeltarzan;n
Speckjäger;n
Spießbürger;n
Spießer;m
Spießerin;w
Spießgeselle;n
Spinatwachtel;n
Spitzbube;m
Spottvogel;n
Stenz;n
Strickreiter;n
Strizzi;n
Strolch;n
Stümper;n
Süßholzraspler;n
Tagedieb;n
Taugenichts;n
TERF;n
Teschek;n
Tollpatsch;n
Tönnekesdrieter;n
Trottel;n
Trottel;n
Tunte;m
Turnbeutelvergesser;n
Udel ;n
Ungeheuer;n
Vandale;n
Vatnik;n
Verkehrsrowdy;n
Vettel ;n
Vollpfosten;n
Walross;n
Warmduscher;n
Weib;w
Welfare queen;w
Wichser;m
Wichser;m
Wurm;n
Zicke ;w
