Abbruchquote;N
Waghals;N
Abenteuermensch;N
Nachkommende;N
Kindeskind;N
Kind;N
Ablesedienst;N
Abnehmende;N
Bezugsperson;N
Follower;N
Abonnierende;N
Alumni�;N
Abschlussvorsprechen;N
Alumnivorsprechen�;N
Abteilungsleitung;N
Abteilungsleitungen;N
Abteilungsleitende;N
Admin;N
Administration;N
Admins;N
Administrierende;N
Administration;N
Zielgruppe;N
Spionagefilm;N
Spionagethriller;N
Studierte;N
Beteiligte;N
Agierende;N
Handelnde;N
Aktive;N
Aktienhabende;N
Anteilshabende;N
Alkohols�chtige;N
Ein-Eltern-Haushalt;N
Allergiegeplagte;N
Multitalent;N
Universalgenie;N
Ehrenamtliche;N
Alltagshilfe;N
Bergsteigende;N
Bergkletternde;N
Gleichaltrige;N
Ehemalige;N
Neuling;N
Anfangende;N
Beginnende;N
Unge�bte;N
Ampelfiguren;N
Analysierende;N
Herstellung;N
Anbietende;N
Gegen�ber;N
Unerfahrene;N
Neulinge;N
Beginnende;N
F�hrungsfigur;N
Oberhaupt;N
Leitung;N
F�hrung;N
Familienmitglied;N
Angelmensch;N
Angelnde;N
Angreifende;N
Bef�rwortende;N
Fans;N
Zugeh�rige;N
Mitwirkende;N
Zuordnende;N
Sympathisaierende;N
Unterst�tzende;N
Gleichgesinnte;N
Begeistete;N
Gefolgschaft;N
Freizeitbetreuungsperson;N
Animierende;N
Sprachanimierende;N
Stimmungsunterhaltende;N
Anlegende;N
Anleitung;N
Anliegende;N
Anwohnende;N
Anordnung;N
Anrufende;N
Ansprechperson;N
Service;N
Servicepersonal;N
Hilfeteam;N
Counterpart;N
Konkurrenz;N
Anwendende;N
Anteilsinhabende;N
Rechtsvertretung;N
Rechtsbeistand;N
Nutzende;N
Verwendungsfreundlichkeit;N
Nachbarschaft;N
 Arzneikundige;N
Belegschaft;N
Besch�ftigte;N
F�hrungskraft;N
Arbeitskraft;N
Amt;N
Beh�rde;N
Unternehmen;N
Gesellschaft;N
Firma;N
Einrichtung;N
Genossenschaft;N
Erwerbst�tige;N
Betriebe;N
Unternehmen;N
Arbeitgebende;N
Arbeitsplatzattraktivit�t;N
Unternehmensmarke;N
Employer Branding;N
Firmenvorteile;N
Unternehmensvorteile;N
Personal;N
Arbeitnehmendenvertretung;N
Betriebsrat;N
Personalrat;N
Besch�ftigtenvertretung;N
Arbeitsdirektion;N
Teammitglieder;N
Architekturschaffende;N
Fachkraft;N
Archivierende;N
Entlassungsbrief;N
 Entlassbericht;N
Behandlungstasche;N
Medizinkoffer;N
Behandlungskosten;N
Behandlungstermin;N
Vorsorgetermin;N
Behnadlungszimmer;N
Sprechzimmer;N
Konsultationszimmer;N
Sachverst�ndige;N
Einsch�tzende;N
Sachverst�ndige;N
Assistenz;N
Weltraumreisende;N
Asylsuchende;N
Sporttreibende;N
Auftragnehmende;N
Beobachtende;N
Aupair;N
Lehrkraft;N
Ausbildende�;N
Migrationsamt;N
Randst�ndige;N
Pr�sentierende;N
Ausstellende;N
Auswandernde;N
Ausgewanderte;N
Nachwuchskraft;N
Autofahrende;N
Automobilkonzerne;N
Autoherstellende;N
Autobauende;N
Autorenschaft;N
Publizierende;N
Litertaurschaffende;N
Schreibende;N
Verfassende;N
Urheberrechtsinhabende;N
Auktorierende�;N
Nachwuchskraft;N
Aufsichtsperson;N
Kinderbetreuende;N
Babysittende;N
Backende;N
Badeaufsicht;N
Bankkaufperson;N
Bankausraubende;N
Bar-Servicekraft;N
Bauverantwortliche;N
Bauleute;N
Auftraggebenede;N
Baumpflege;N
Bautragende;N
Bauverantwortliche;N
Bedienstete;N
Beamtenschaft;N
Unterst�tzung;N
MItwirkende;N
Zustimmende;N
Bef�rwortende;N
Begleitung;N
Beisitzende;N
Bekanntschaft;N
Anwendende;N
Anwendungsfehler;N
Nutzungsfreundlichkeit;N
Benutzungsfreundlichkeit;N
Anwendungsfreundlichkeit;N
Anwendungskomfort;N
Profil;N
Zugang;N
Konto;N
Account;N
Login;N
Pseudonym;N
Nickname;N
Anmeldename;N
Benutzungsoberfl�che;N
Bedienoberfl�che;N
Nutzungsordnung;N
Benutzungsportal;N
Benutzungsrechte;N
Interaktionsschnittstelle;N
Kontoverwaltung;N
Zugangsverwaltung;N
Beobachtende;N
Beobachtendengruppe;N
Beratende;N
Beratung;N
Bergbegeisterte;N
Bergsteigende;N
Berichtende;N
Berufseinsteigende;N
Berufsunerfahrene;N
Beruflernende;N
Besuche;N
Berufskraftfahrende�;N
Auszubildende;N
Beschwerdef�hrende;N
Besuchende;N
G�ste�;N
Publikum;N
Besuchsanschrift;N
Besuchsgruppe;N
Besuchsmagnet;N
Tourismusmagnet;N
Anziehungspunkt;N
Sehensw�rdigkeit;N
Publikumsmagnet;N
Besuchsparkplatz;N
Publikumsstrom;N
Klickzahl;N
G�stezahlen;N
Inanspruchnahme;N
Frequentierung;N
Interesse;N
Besuchszahl;N
Betrachtende;N
Betreibende;N
Betreuungsperson;N
Betreuungspersonal;N
Bewerbende;N
Bewerbungszahlen;N
Bewohnendenzimmer;N
Zimmer;N
Beziehende;N
Bildungstragende;N
Biografietragende;N
Mobilit�tshilfe;N
Gebietsaufsicht;N
Blockaufsicht;N
Blumenkind;N
 Repr�sentanz;N
Hochzeitspaar;N
Briefzustellung;N
Postzustellung;N
Geschwister;N
Geschwisterkinder;N
Mitmenschlichkeit;N
Solidarit�t;N
Geschwisterlichkeit;N
Feindbild;N
Zielscheibe;N
Bundespr�sidentschaftswahl;N
Einwohnerschaft;N
Staatsangeh�rige;N
Einheimische;N
Wohnende;N
Stimmberechtigte;N
B�rgerschaft;N
B�rgertum;N
Bundestagsvorsitz;N
Verwaltung;N
Gemeindeamt;N
Bev�lkerung;N
Amt;N
�ffentlickeitsbeteiligung;N
Gemeindehaus;N
Stadthaus;N
Stadtteilzentrum;N
Kulturzentrum;N
Volkskrieg;N
Stadtoberhaupt;N
Verwaltungsleitung;N
Volksn�he;N
Bev�lkerungsn�he;N
Volksrat;N
Menschenrat;N
Fu�weg;N
Gehweg;N
Citizen Science;N
Busf�hrung;N
Buspersonal;N
Callcenteroperierende;N
Zeltplatzmensch;N
Case-Management;N
Fahrdienst;N
Leitungsperson;N
Vorgesetzte;N
Chirurgiestahl;N
Chorleitung;N
Chorleitende;N
Chorleitung;N
Begleitung;N
Begleitung;N
Trapezrahmenfahrrad;N
Begleitprogramm;N
Rollen;N
Darstellende;N
Besetzung;N
Datenschutzverantwortlichkeit;N
Dekanat;N
Demokratiebegeisterte;N
Demokratie�berzeugte;N
Demonstrierende;N
Designschaffende;N
 Dezernatsleitung;N
Langfinger;N
Kriminelle;N
Dienstperson;N
Dienstaufsichtsperson;N
Vorgesetztengenehmigung�;N
Dienstleistungsunternehmen;N
Dienstleistende;N
Leitung;N
Disposition;N
DJ;N
Promovierende;N
Promovierendenkolleg;N
Promotionskolleg;N
Promotion;N
Promotionsbetreuung;N
Ebenbild;N
Seminarleitung;N
Lehrkraft;N
Dozierende;N
Lehrt�tigkeit;N
Drittanbietende;N
Herzensmensch;N
Eheleute;N
Ehemensch;N
Ehrenamtliche;N
Frewillige;N
Engagierte;N
Ehrenperson;N
Eigentumsparteien;N
Vermietende;N
Einflussnehmende;N
Ein-Personen-Betrieb;N
Einstiegskurs;N
Grundlagenkurs;N
Grundkurs;N
Basiskurs;N
Bev�lkerungsdichte;N
Bev�lkerungszahl;N
Einzelk�mpfende;N
Kriegsteilnehmende;N
Elektrofachkraft;N
Elternzeitr�ckkehrende;N
Empfang;N
Rezeption;N
Endverbrauchende;N
Endkonsumierende;N
Konsumierende;N
Energieversorgungsunternehmen;N
Enkelkind;N
Entdeckende;N
Forschende;N
Begeisterte;N
Entscheidungtragende;N
Entwicklungsteam;N
Entwickelnde;N
Konstruierende;N
Erschaffende;N
Erbberechtigte;N
Ermittelnde;N
Ermittlungsteam;N
Ersthelfende;N
 Erz�hlinstanz;N
Erz�hlende;N
 Erziehungskraft;N
EU-Kommissionsmitglied;N
Evakuierungshilfe;N
Ausnahmeerscheinung;N
Fachgr��e;N
Autorit�t;N
Genie;N
 Fachkundige;N
Arbeitsgruppe;N
Fachgruppe;N
Expertiseinterview;N
Fachkommission;N
Fachstandard;N
Fachtagung;N
Expertise;N
Fachvortrag;N
Expertise;N
Fachwissen;N
Facharbeitende;N
Fachpraxis;N
Fachberatung;N
Fachkraft;N
Fachforschende;N
Fahrdienst;N
Fahrzeugf�hrende;N
Cockpit;N
Fahrkabine;N
Cockpitsitz;N
Mitfahrende;N
Reisende;N
Abteil;N
Fahrlernende;N
Fahrschullehrkraft;N
Fahrende;N
Fahrzeugf�hrung;N
Familienbegleitung;N
Familienhilfe;N
Vater;N
Begeisterte;N
Basketballbegeisterte;N
Fasnachtbegeisterte;N
Liebling;N
Angsthase;N
Genussmensch;N
Einsatzkr�fte;N
Feuerwehrkr�fte;N
Filmschaffende;N
Filmber�hmtheit;N
Filmgr��e;N
Ber�hmtheit;N
Finanzintermediierende;N
Gefl�chtete;N
Fl�chtende;N
F�J-Freiwillige;N
Follows;N
Stelle;N
Forschende;N
Forschungsgemeinde;N
Forschungskolloquium;N
Forschungsteam;N
Forstaufsicht;N
Aufnehmende;N
Fotografierende;N
Fototeam;N
Fotografieteam;N
Freischaffende;N
Selbstst�ndige;N
Herzensmensch;N
Bekanntschaft;N
Bezugspersonen;N
Bezugsgruppe;N
Frisiersalon;N
Frisierende;N
Haarschneidetermin;N
Frisiertermin;N
Morgenmensch;N
Fr�hbuchungsrabatt;N
FSJ-Freiwillige;N
Fahrerlaubnis;N
Fahrberechtigung;N
Vollmachtspersonen;N
Unterst�tzung;N
Unterst�tzungskraft;N
Support;N
Mitwirkende;N
Beteiligte;N
Bef�rwortende;N
Support;N
Supportende;N
F�rsprechende;N
Fu�ballspielende;N
 Fu�verkehr;N
Ampel;N
Stra�enpassierstreifen;N
Zebrastreifen;N
�berquerung;N
Gehweg;N
Flanierzone;N
Einkaufsstra�e;N
Einkaufszone;N
Schaulustige;N
Wendepunkt;N
Paradigmenwechsel;N
Gartenarbeitskraft;N
Gartenbaubetrieb;N
Besuch;N
Sonderbeitrag;N
Gastlichkeit;N
Eingeladene;N
Geladene;N
Besuche;N
Reisef�hrung;N
Tourguide;N
Reiseleitung;N
Einladende;N
Gaststudierendenstatus;N
Gaststudium;N
Hospitation;N
Gastronomiebetriebsleitung;N
Gastforschende;N
Heiratsperson;N
Gegenkandidatur;N
Gegenseite;N
Geisterfahrzeug;N
Konkurrenz;N
Geldgebende;N
Direktoriumsleitung;N
Universalgenie;N
Multitalent;N
Verantwortungsperson;N
Genussmensch;N
Ger�teaufsicht;N
Gerichtsvollzugsperson;N
Gesch�ftsleitung;N
Gesch�ftsf�hrung;N
Gesch�ftsleute;N
Betriebsgesellschaft;N
Beteiligte;N
Gesellschaftende;N
Legislative;N
Gesetzgebende;N
Gegen�ber;N
Gespr�chsbeteiligte;N
Gestaltende;N
Geldgebende;N
Kreditgebende;N
Weltreisende;N
Allwissende;N
Allm�chtige;N
Ewige;N
Gottheit;N
Grafikprofi;N
Grafikfachperson;N
Grenzpendelnde;N
Grinsebacke;N
Grinsegesicht;N
Sonnenschein;N
Grinsekuchen;N
Gr�ndungszeit;N
Gr�ndungszentrum;N
 Technologiezentrum;N
Innovationszentrum;N
Grundschulkind;N
Gruppenleitung;N
Gruppenleitende;N
Reisef�hrung;N
Reiseleitung;N
Sachverst�ndige;N
Begutachtende;N
Hackingangriff;N
Hackangriff;N
Handelsallianz;N
Handelspartei;N
Handelskontakt;N
Shops;N
Handel;N
Handelnde;N
Fachpersonal;N
Multitalent;N
Universalgenie;N
Titelfigur;N
Schl�sselfigur;N
Figur;N
Hauptfigur;N
Hauptperson;N
Hauptfachgruppe;N
Fachgruppe;N
Oberhaupt;N
Hauptleute;N
Hauptmietpartei;N
Hauspraxis;N
Hausservice;N
Haushaltsvorstand;N
Familienvorstand;N
Hausvorstand;N
Verein;N
Alltagsessen;N
Geb�udemanagement;N
Hauswartung;N
Geburtshelfende�;N
Heinzelchen;N
Vorbild;N
Schl�sselperson;N
Hilfskraft;N
Assistenz;N
Helfende;N
Ehrenamtliche;N
Frewillige;N
Engagierte;N
Hilfesystem;N
Diamantrahmenfahrrad;N
Gutshaus;N
 Leute;N
Staatsoberhaupt;N
Herstellfirma;N
Schl�sselfigur;N
Schl�sselfiguren;N
Verantwortliche;N
Hinterperson;N
Geschichtsforschende;N
Hospitierende;N
G�stebetreuende�;N
Illustrierende;N
Immobilienbesitzende;N
Immobilienfachkraft;N
Industriekaufleute;N
Quelle;N
Informationsquelle;N
Ingenieursberuf;N
Technikwissenschaften;N
Inhabende;N
Initiierende;N
Inlineskatende;N
Intendanz;N
Interagierende;N
Interessensvertretung;N
Interessierte;N
�bergangsleitung;N
Act;N
Interviewende;N
Befragte;N
Interviewte;N
Investierende;N
J�gerschaft;N
Medien;N
Presse;N
Medienschaffende;N
Teenager;N
Teenie;N
Jurymitglied;N
Kameraperson;N
Kamerateam;N
Kamera;N
Kameraleute;N
Kamerapersonen;N
Kampfjury;N
Schiedsgericht;N
Kandidierende;N
Personalfrage;N
Personalvorschlag;N
Regierungsoberhaupt;N
K-Frage;N
Investierende;N
Finanzierende;N
Schiffsf�hrende;N
Feiernde;N
Publikum;N
Kassenverwaltung;N
Verm�gensverwaltung;N
Finanzverwaltung;N
Person an der Kasse;N
Kaufende;N
Kundschaft;N
Kauffachkraft;N
Kaufleute;N
niemand;N
Servicekraft;N
Bedienung;N
Begeisterte;N
Fachleute;N
Keramikfachkraft;N
Kernwahlvolk;N
 Kernstimmvolk;N
Schl�sselfigur;N
KfZ-Mechanik-Fachkraft;N
Erziehungskraft;N
Kinderbetreuung;N
Aupair;N
Kindertagespflegeperson;N
Klassenvertretung;N
Kletternde;N
Kletterbegeisterte;N
Ratsuchende;N
Klientelkontakt;N
Klimasch�tzende;N
K�chenpersonal;N
Teammitglied;N
Kollegschaft;N
Teammitglied;N
Kolonialmacht;N
Suzer�n;N
Kolonialm�chte;N
Koloniegr�ndung;N
 Kolonieerschlie�ung;N
Komiteegr�ndung;N
Kommentar;N
Kommentare;N
Mitschaffende;N
Mitstudierende;N
Nebenfigur;N
Kompetenztragende;N
Musikschaffende;N
Kompositionst�tige;N
Konfi;N
Konformierende;N
Konfirmationsunterricht;N
Spitzendisziplin;N
Oberliga;N
Konkurrenz;N
Konsortialbeteiligte;N
Konstruierende;N
Konsumierende;N
Zielgruppe;N
Gegen�ber;N
Kooperationsbeteiligte;N
Koordination;N
K�rperspende;N
Korrigierende;N
Kraftfahrzeugf�hrende;N
Pflegekraft;N
Krankenpflege;N
 Pflegefachperson;N
Pflegekr�fte;N
Pflegende;N
Pflegepersonal;N
Pflegekraft;N
Kreditnehmende;N
Kritisierende;N
Kritische;N
K�chenhilfe;N
 Client;N
Kundschaft;N
Betroffene;N
Publikum;N
G�stebetreuende�;N
Kreis;N
Interessierte;N
Zielgruppe;N
Kaufinteressenten;N
Nachfrage;N
Auftraggebende;N
Menschen;N
Klientel;N
Nutzende;N
Auftrag;N
Bewertungen;N
Sterne-Bewertungen;N
Bewertungssterne;N
Support;N
Service;N
Kundschaft;N
Menschenkontakt;N
Nutzungskonto;N
Konto;N
Profil;N
Zielgruppe;N
"publikumsorientiert; zielgruppenorientiert";N
Publikumsorientierung;N
Zielgruppenorientierung;N
Kundschaftsprojekt;N
Referenz;N
Service;N
Kundschaftsstamm;N
Klientelstamm;N
Akquise;N
Sonderwunsch;N
Sonderw�nsche;N
Servicezentrum;N
Kunstbegeisterte;N
Kunstkennende;N
Kunstschaffende;N
Kunstsiedlung;N
Kunstname;N
Pseudonym;N
Kunstsammelnde;N
Kuratierende;N
Kursbetreuung;N
Kursleitung;N
Kursteilnehmende;N
Kurs;N
Kurzarbeitsgeld;N
Laborfachkraft;N
Laborfachkraft;N
Lagerfachkraft;N
Fachunkundige;N
Kreisverwaltungsleitung;N
Fachfremde;N
Nichtkundige;N
Landkreisleitung;N
Dienststellenleitung;N
Amtsvorstand;N
Landsleute;N
Genussmensch;N
Lieblingsmensch;N
Liebesmensch;N
Lebensmensch;N
Lehrkraft;N
Lehrkr�fte;N
Kollegium;N
Unterrichtende;N
Lehrperson;N
Lehrberuf;N
Kollegiumskonferenz;N
Konferenz;N
Schreibtisch;N
Kollegiumszimmer;N
Teamraum;N
Nachwuchskraft;N
Auszubildende;N
Ausbildende;N
Lehrende;N
Lernende;N
Leitung;N
Leiharbeitnehmende;N
Leistung Beziehende;N
Leistungsempfangende;N
Leitung;N
 Lektorat;N
Lektoratsstelle;N
Lesepublikum;N
Lesende;N
Leserschaft;N
Leseausweis;N
Bibliotheksausweis;N
Zuschrift ;N
Lesende;N
Begeisterte;N
Liederschaffende;N
Lieferfirma;N
Lieferunternehmen;N
Literaturkritisierende;N
Lizenznehmende;N
Aktive;N
Geburtsname;N
Geb�hren;N
Vermittlungsgeb�hren;N
Maklerei;N
Management;N
Unternehmensf�hrung;N
F�hrungskraft;N
Mandantschaft;N
Person;N
Notsituation;N
Fig�rchen;N
Spielfigur;N
Mitarbeitendenmonat;N
Arbeitstage;N
Leistungstage;N
Personentage;N
Powermensch;N
Team;N
Gruppe;N
Kollektiv;N
Besatzung;N
Personenstunde;N
Arbeitskraft;N
Humanpower;N
Angebotsausrufende;N
Mediation;N
Mediationsperson;N
Medienorganisationen;N
Mediengestaltende;N
Gruppenfunktion;N
Meinungsgegenpart;N
Turnier;N
Wettbewerb;N
Vorbild;N
Begleitung;N
Mentoringperson;N
Mietperson;N
Mietpartei;N
Mietverein;N
Mietvertretung;N
Eingewanderte;N
Zugewanderte;N
Migrierte;N
Trugschluss;N
Irrtum;N
Fehlschluss;N
Illusion;N
Ressortleitung;N
Ressortleitende;N
Mini;N
Minis;N
Teammitglied;N
Arbeitskraft;N
Mitarbeitende;N
Teilzeitkraft;N
Hochschulpersonal;N
Mitglieder;N
Unterst�tzende;N
Frewillige;N
Helfende;N
Firmenausweis;N
Dienstausweis;N
Personalbeurteilung;N
Angestelltenbeurteilung;N
Personalmanagement;N
Mitarbeitendengespr�ch;N
Personalpolitik;N
Personf�hrung;N
Dienstbesprechung;N
Personalgespr�ch;N
Mitarbeitendenmobilit�t;N
 Mitarbeitendenorientierung;N
Belegschaft;N
Mitarbeitendenrabatt;N
Schulung;N
Personalsuche;N
Mitarbeitendensuche;N
Arbeitspl�tze;N
Personalverpflegung;N
Konkurrenz;N
Wohnungsteilende;N
Mitmensch;N
Landsleute;N
Mitmenschen;N
Staatsangeh�rige;N
Mitfahrgelegenheit;N
Mitlernende;N
Mitspielende;N
Mitwirkende;N
Gleichgesinnte;N
Mittelsperson;N
Mittelsmensch;N
Angeh�rige;N
Eingeweihte;N
Moderation;N
Moderationsteam;N
Moderiende;N
Schaffende;N
Fahrende;N
Ordensperson;N
Ordensleute;N
Montagsmalen;N
Montagedienst;N
Besch�ftigte;N
Musikaus�bende;N
Musizierende;N
Bandmitglied;N
Musikspielende;N
Musikschaffende;N
Vorbild;N
Musterkind;N
Musterschulkind;N
Elternteil;N
Eltern-Kind-Gruppe;N
Familienparkplatz;N
Natur;N
Elternberatung;N
Pigmentst�rung;N
Leberfleck;N
Elternmilch;N
Brustmilch;N
Elternschutz�;N
Erstsprache;N
Elternsprach;N
Hauptsprache;N
Familiensprache;N
Heimatsprache;N
Nebenhaus;N
Wohnende;N
Hausgemeinschaft;N
Umgebung;N
Abk�mmling;N
Kind;N
Kindeskind;N
Enkelkind;N
Nachkommenschaft;N
Nachkommen;N
Nachfolge;N
Nachfragende;N
Nachtmensch;N
Partymensch;N
Nachtleute;N
Nachwuch;N
N�hende;N
Gleichnamige;N
N�rrische;N
Karnevalbegeisterte;N
Nationalteam;N
Naturmensch;N
Netzwerkbeteiligte;N
Nachwuchs;N
Ordensperson;N
Ordensleute;N
Neuling;N
Nutzungsdaten;N
Eingabe;N
Nutzungsentgelte;N
Community;N
Netzwerk;N
Personenkreis;N
Nutzungskreis;N
Handbuch;N
Nutzungshandbuch;N
Account;N
Konto;N
Zugang;N
 Bedienzufriedenheit;N
Stadtoberhaupt;N
Obmensch;N
Tier;N
Ombudsperson;N
Oppositionelle;N
Organisation;N
Organisierende;N
Spendende;N
Durchschnittsmensch;N
Paketzustellung;N
Abgeordnete;N
Oberhaupt;N
Genie;N
Ber�hmtheit;N
Ikone;N
Parteivorsitz;N
Gegen�ber;N
Unterst�tzung;N
Mitglied;N
Beteiligte;N
Kooperation;N
Kooperationen;N
Mitwirkende;N
Zweierarbeit;N
Paararbeit;N
Kooperationsl�nder;N
Beziehung;N
Kooperation;N
Zusammenarbeit;N
Tandem;N
Lebensmenschsuche;N
Verwandtschaft;N
Seelenverwandte;N
Reisende;N
Reiseflugzeug;N
Passierende;N
Vor�bergehende;N
Gehende;N
Stra�enbefragung;N
Patenamt;N
Patenschaft;N
Privatversicherte;N
Aufkl�rung;N
Versicherte;N
Aufkl�rungsgespr�ch;N
Betroffenencharakteristik;N
Betroffenenkontakt;N
Point-of-Care;N
Erkrankte;N
Versorgung;N
Pflege;N
Behandlung;N
Gesundungszimmer;N
Friedensbewegte;N
Pendelnde;N
Entfernungspauschale;N
Pendelpauschale;N
Pensionierte;N
Performende;N
Personalentwicklung;N
Personalleitung;N
Personalrat;N
Personalvertretung;N
Scout;N
Pfadfindende;N
Pfarrperson;N
Pflegekraft;N
Pflegekr�fte;N
Pflegende;N
Pflegepersonal;N
Pfortenpersonal;N
gelehrte Person;N
Gelehrte;N
Pilgernde;N
Belegschaft;N
Koordinationslabor;N
Koordinierungslabor;N
Probebetrieb;N
Versuchsvorhaben;N
Testphase;N
Versuchsprojekt;N
Politikschaffende;N
Polizeikraft;N
Polizei;N
Polizeifachkraft;N
Polizeileute;N
Polsterfachkraft;N
Postzustellung;N
Powermensch;N
Praktikumskraft�;N
Auszubildende ;N
Praktikumsstelle;N
Praktizierende;N
Staatsoberhaupt;N
Vorsitz;N
Vorsitzende;N
Vereinsvorsitzenden;N
Pr�sidentschaftswahl;N
Predigende;N
Pressevertretung;N
Pressestelle;N
�ffentlichkeitsarbeit;N
Testperson;N
Versuchsperson;N
Teilnehmende;N
Testpersonen;N
Produzierende;N
Produktionsteam;N
Professorenschaft;N
 Fachperson;N
Fachleute;N
Sachkundige;N
Softwareerstellende;N
Programmierende;N
Projektentwicklung;N
Projektleitung;N
Projektleitungen;N
Projektleitende;N
Projektbeteiligte;N
Projekttr�gerschaft;N
Lohnabh�ngige;N
Werkt�tige;N
Arbeitende;N
Projektmitwirkende;N
Mitwirkende;N
Figuren;N
Hauptpersonen;N
Personen;N
Aktive;N
Figur;N
Gestalt;N
Schl�sselfigur;N
Titelrolle;N
Protokollf�hrung;N
Pr�fungsleitung;N
Fachpersonal;N
Reinigungspersona;N
Reinigungskraft;N
Raumpflege;N
Querkopf;N
Querdenken-Demo;N
Rabbinat;N
Radfahrende;N
Gebiets�berwachung;N
Steighilfe;N
Rauchbereich;N
Rauchpause;N
Pause;N
Zigarettenpause;N
Rechnungsempfangende;N
Empfangende;N
Erhaltende;N
Rechnungserhaltende;N
Rechnungspr�fung;N
Rechteinhabende;N
Rechtsbeistand;N
Rechtsvertretung;N
Angeh�rige;N
Redaktion;N
Redaktionsmitglied;N
Redeliste;N
Redepult;N
Lehrkraft;N
"Referierende; Vortragende";N
Referierendent�tigkeit;N
Vortragsvereinbarung;N
Honorarvereinbarung;N
Reformperson;N
Reformierende;N
Staatsoberhaupt;N
Regie;N
Rehasportinteressierte;N
Reiseleitung;N
Reiseveranstaltung;N
Reiseb�ro;N
Reiseorganisation;N
Reiseveranstaltende;N
Reiseausrichtung;N
Nachwuchs ;N
Schulleitung;N
Presse;N
Vertretung;N
Rettungsassistenz;N
Rettungskraft;N
Rettungshilfe;N
Empfang;N
Rezeption;N
Rezipierende;N
Publikum;N
Richterschaft;N
Belobigung;N
Ehrung;N
Konkurrenz;N
Gegenpart;N
Verwaltungskraft;N
Verwaltungskr�fte;N
Sachverst�ndige;N
Sachbearbeitende;N
Kennnummer;N
Sammelnde;N
Stimme;N
Stimmen;N
Chor;N
Choraktive;N
Gesangsgruppe;N
Sigende;N
Rettungskr�fte;N
Sanit�tsdienst;N
Finanzvorstand;N
Rollen;N
Besetzung;N
Darstellende;N
Spielleitung;N
Schiedsgericht;N
Kassenf�hrung;N
Kassenverwaltung;N
Support;N
Schlagperson;N
Schlichtende;N
Schneefigur;N
Schaffende;N
Urheberrechtsinhabende;N
Schreibende;N
Verfassende;N
Literaturschaffende;N
Geringqualifizierte;N
Schulbegleitung;N
Schulkind;N
Schulkinder;N
Kinder;N
Jugendliche;N
Eltern;N
Verwandte;N
Lernende;N
Mitglieder;N
Schulaustausch;N
Schulausweis;N
Schulbegegnung;N
Klassenbegehung;N
Gruppenexperiment;N
Klassenexperiment;N
Einzelexperiment;N
Schulfahrtkosten;N
Fahrtkosten;N
Schulwegkosten;N
Exkurskosten;N
Juniorfirma;N
Schullabor;N
Schulpraktikum;N
Lernendenvertretung;N
Schulkindervertretung;N
Schulauff�hrungen;N
Projektvorstellung;N
Musikauff�hrung;N
Theaterauff�hrung;N
Konzert;N
Talentshow;N
Auff�hrung;N
Sch�lerschaftszeitung;N
Schulleitung;N
Schultr�gerschaft;N
Schulungsleitung;N
Schusterwerkstatt;N
Schusterei;N
Schwangere;N
Dienstzimmer;N
Stationszimmer;N
Pflegest�tzpunkt;N
Schwiegerelternteil;N
Schwimmlehrkraft;N
Badeaufsicht;N
Seeleute;N
Seiteneinstiegslehrgang;N
Seiteneinstiegsprogramm;N
Verwaltungskr�fte;N
B�rokraft;N
Schreibkraft;N
Assistenz;N
Verwaltungsfachangestellte;N
Seminarleitung;N
Sende-Empfang-Problem;N
Kommunikationsmodell;N
Sendende;N
�lterenbeirat;N
Ruhestandsbeirat;N
Service;N
Servicefachkraft;N
Service-Profi;N
Showleitung;N
Showmoderation;N
Ans�ssige;N
Siedelnde;N
Bestenehrung;N
Bestehauszeichnung;N
Mensch;N
Versklavte;N
Unfreie;N
Leibeigene;N
Ausf�hrende;N
Streitkr�fte�;N
Solopart;N
Sozialarbeitende;N
Sozialleistungstragende;N
Sparenden;N
Wandersperson;N
Gebende;N
Sponsoring;N
Spenden;N
Sachkundige;N
Fachleute;N
Sachverst�ndige;N
Sachkundigenfunktion;N
Teammitglied;N
Spielende;N
Teammiteglied;N
Teams;N
Gruppen;N
Spielleitung;N
Spielmoderation;N
Spa�bremse;N
Steighilfe;N
Baumleiter;N
Raubleiter;N
Spitzenvertretung;N
Sprachlernende;N
Stimme;N
Moderation;N
Ansage;N
Kommentar;N
Sprachrohr;N
Pressestelle;N
�ffentlichkeitsarbeit;N
Sprechende;N
Sprachbenutzende;N
Abgeordnete;N
Ersatz;N
Vertretung;N
Stellvertretung;N
Sponsoring;N
Sporttreibende;N
Staatsangeh�rigkeit;N
Nationalit�t;N
Volksbeauftragte;N
Stadtf�hrung;N
Reiseleitung;N
Anspruchsgruppe;N
Interessenvertretung;N
Ber�hmtheit;N
Pers�nlichkeit;N
Nebenfigur;N
Steinewerfende;N
Stellvertretung;N
Steuerberatung;N
Steuerberatungspraxis;N
Steuerhinterziehende;N
Stiftungsrat;N
Stiftungsversammlung;N
Gef�rderte;N
St�rende;N
Sonnenschein;N
Streamende;N
Strichfig�rchen;N
Strichmensch;N
Strichmenschlein;N
Strohmensch;N
Strohfigur;N
Strohleute;N
Studi;N
Studierende;N
Studierendenjob;N
Studijob;N
Universit�tsstadt;N
Hochschulstadt;N
Studierendenstadt;N
Studierendenwerk;N
Studierendenwohnheim;N
Studienbeginnende;N
Studienabbrechende;N
Studienbewerbungen;N
Einschreibung;N
Subunternehmen;N
Supervidierende;N
"Mitwirkende; Bef�rwortende";N
Bef�rwortende;N
Systemadmin;N
Supervision;N
Systembetreuung;N
Tagespflege;N
Tageselter�;N
Tageseltern;N
Moderation;N
Minimarkt;N
Geschwister;N
Tanzende;N
Unrechtspersonen;N
Kriminelle;N
Tatbegehende;N
Tauchenender;N
Taufkind;N
Kind;N
Teamleitung;N
Teammitglied;N
Teammitglieder;N
Teambeteiligte;N
Fachkraft;N
Technologiefachkraft;N
Mitwirkende;N
Teilnehmende;N
Beteiligte;N
Teilnahmegeb�hr;N
Teilnahmeliste;N
Anwesenheitsliste;N
Teilnehmendenliste;N
Teilnahmezahl;N
Gruppengr��e;N
Anmeldezahl;N
Telemitarbeitende;N
Tele-Personal;N
Remote-Personal;N
Terrorisierende;N
Testende;N
Testperson;N
Testleitung;N
Therapierende;N
Tiersch�tzende;N
Tourleitung;N
Reiseleitung;N
Urlaubsg�ste�;N
Tr�gerschaft;N
K�rperschaft;N
Tragende;N
�bungsleitung;N
Moderierende;N
Unterrichtende;N
Lehrende;N
Referierende;N
Vortragende;N
Lehrende;N
Trauungsbegleitung;N
Turngeschwister;N
Gruppenleitung;N
Begleitung;N
Ratgebende;N
�bersetzende;N
Befragte;N
Umlernende;N
Selbstst�ndige;N
Wirtschaftstreibende;N
Gesch�ftsleute;N
Gewerbetreibende;N
Bef�rwortende;N
Geldgebende;N
Mitwirkende;N
Unterzeichnende;N
Reisende;N
Nutzende;N
Mitglieder;N
V-Person;N
V-Leute;N
Elternteil;N
Erstland;N
Einladende;N
Geburtsland;N
Vertretungen ;N
Kundschaft;N
Konsumierende;N
Privatperson;N
Verbrauchende;N
Heimatland;N
Verbrauchspreis;N
Verbraucherschutz�;N
Verschwisterung;N
Autorenschaft;N
Verfolgende;N
Verhandlungsgegenseite;N
Kaufhauspersonal;N
Personal;N
Anbietende;N
Handeltreibende;N
Verkaufskr�fte;N
Verkaufende;N
Verkehrsbeteiligte;N
Publizierende;N
Letzten;N
Mittelsperson;N
Versuchsleitung;N
Vertragsparteien;N
Beauftragte;N
Abgesandte;N
Abgeordnete;N
Mitgleider;N
Vertretende;N
Vertriebsmitarbeitende;N
Verursachende;N
Familienmitglied;N
Verwendende;N
Altgediente;N
F�hrungskraft;N
F�hrungsrolle;N
Vorstandsmitglied;N
Wachpersonal;N
Wache;N
Wahlhilfe;N
W�hlendenverzeichnis;N
Wahlstimme;N
Wahlleute;N
Betreuung;N
Wegbegleitung;N
Weinbegeisterte;N
Weltreisende;N
Weltmarktf�hrende;N
Werkstudi;N
Werkstudierende;N
Werkstudierendenstelle;N
Wettbewerbsteilnehmende;N
Widerstandsleistende;N
Wiederholende;N
Forschende;N
Mitarbeitende;N
Verwitwete;N
Wohnungsinhabende;N
Workshopleitung;N
Spielende;N
Zauberkunstschaffende;N
Zeitarbeitnehmende;N
Mitmensch;N
Zeitwache;N
bezeugende Person;N
Bezeugende;N
Zimmereifachkraft;N
Servicekraft;N
Raumpflege;N
Reinigungskraft;N
Zimmereifachkraft;N
Zivilperson;N
Zivilpersonen;N
Zoog�ste�;N
Fachperson ;N
Publikum;N
Auditorium;N
Zuh�rerschaft;N
Zulieferfirma;N
Publikum;N
Zuschauende;N
Einschaltquote;N
Zuschauraum;N
Publikumsraum;N
Publikumszahl;N
Zugewanderte;N
Migrierte;N
Eingewanderte;N
Zweifelnde;N
;N
